timestamp,temperature_c,humidity_pct,co2_ppm,yield_kg
2024-11-24,,,,
2024-10-30,23.602387275685462,86.53953456046442,966.1180452325858,16.756692009727875
2024-03-29,23.06361828956846,94.17874912245584,903.7146339352215,17.819246732270237
2024-11-06,24.741570950954355,89.08720030918886,783.6206095925976,18.369107551513157
2024-09-01,25.19,88.6,820.0,18.24
2024-02-20,23.60944012072129,85.55441486960318,934.9098363968333,17.359383939648037
2024-04-06,,,,
2024-05-27,20.9974792615673,90.88911572703557,847.7493265759948,18.277972687720418
2024-10-25,18.58699021614453,87.39644662722718,867.9740125723719,16.322550812227437
2024-04-11,,,,
2024-08-06,21.77,83.8,931.0,17.06
2024-03-11,20.09,85.2,832.0,16.19
2024-11-29,20.48,84.3,991.0,16.7
2024-09-08,21.98023979623296,90.58652818804542,733.6326529367761,17.96166076944021
2024-05-21,20.52,94.3,819.0,17.24
2024-08-20,22.20534316676204,89.79310955302316,857.1484921430091,16.320763809372554
2024-10-19,24.21,87.5,933.0,17.23
2024-09-27,19.862289071044103,80.79806038321396,872.3276452152147,17.19715726498787
2024-05-04,24.48781631197346,88.03362707540126,938.4020070460414,18.63913349795679
2024-12-25,20.87061254520526,85.18663580176178,857.6685389074369,18.08010223630217
2024-07-05,22.563072473298682,85.37807813296801,983.655724179369,16.03871798227351
2024-12-24,21.325667347765005,79.52887925392605,961.264990377969,15.98585751481717
2024-07-05,21.86192462697845,88.95044900529582,1025.845105756183,16.214595609553204
2024-06-08,18.82143242618086,88.74478436972602,745.3205191479665,16.905946483575832
2024-10-18,21.24039517974142,84.55201078282482,917.2361181199869,17.474723774003692
2024-06-17,22.66959987543325,92.16231413888119,940.0097215167461,16.811819241654543
2024-08-08,21.66,93.0,762.0,18.54
2024-04-22,20.172174960084877,83.50107258069512,1059.4484130153157,15.881177199577161
2024-06-20,22.657753227153087,88.28023443089896,902.5131067668548,16.986152823813306
2024-08-02,21.210992649534134,87.01016182638209,951.0295973371782,16.71465655508201
2024-09-03,20.38526355197173,87.85727038063219,977.5204961164541,16.62283970738954
2024-07-27,20.68,84.3,975.0,16.85
2024-09-30,25.14,88.7,951.0,18.7
2024-01-02,19.24379337591933,86.6480540384138,949.7217841054986,17.311018343929465
2024-01-17,23.17834550926428,90.72052861142555,1022.1599117631259,16.847765614143842
2024-01-21,20.241478009632573,87.1431101899883,901.3105785953014,16.9797212552823
2024-12-20,24.47232063672068,84.2951992093848,903.3856720498635,17.02448706953287
2024-06-13,,,,
2024-02-14,22.18,83.1,901.0,17.01
2024-07-07,,,,
2024-03-03,23.59387237416541,92.99844624521056,925.8567523631535,18.06320574560953
2024-11-28,20.95,84.1,863.0,17.22
2024-12-17,23.27,82.3,888.0,18.48
2024-07-18,21.75,89.7,906.0,17.33
2024-06-22,19.38621080089643,79.39283927979527,1010.134959202651,16.419452959475592
2024-06-07,21.25,86.4,700.0,17.45
2024-12-21,22.35,86.7,867.0,17.14
2024-07-11,21.43,83.9,910.0,16.79
2024-01-12,,,,
2024-08-19,21.11,85.4,910.0,16.93
2024-02-21,22.95,90.3,894.0,17.85
2024-12-25,22.10271856033809,82.83603150400441,880.0356653158221,17.505789264070188
2024-11-14,23.48,85.4,824.0,18.3
2024-06-03,22.144092481810418,93.74926736582555,784.3463226195195,16.672554287177288
2024-08-04,,,,
2024-02-26,21.59,84.5,904.0,17.37
2024-12-17,22.039135683566045,83.5436199244344,880.4750095063486,18.31551601352356
2024-10-23,22.44,86.9,726.0,18.37
2024-10-10,21.85931768164829,87.55663675226093,750.5076768429318,18.074549627219987
2024-07-29,,,,
2024-06-19,,,,
2024-05-18,25.0,82.5,853.0,17.96
2024-06-27,21.82,86.5,906.0,17.25
2024-04-29,21.70980208499002,89.95490655952695,1000.9824083515407,15.824569694935306
2024-03-17,,,,
2024-06-23,,,,
2024-04-15,23.046240028570825,86.95455395896192,817.8874208664588,16.708711344456173
2024-01-07,24.066795812558066,90.24174451802503,1003.8705143236987,17.6863732123437
2024-04-19,19.41,88.9,873.0,16.19
2024-10-02,22.58,82.5,927.0,16.29
2024-02-01,21.39,89.3,951.0,17.87
2024-03-27,21.3,88.0,868.0,17.48
2024-08-31,19.996861235869126,79.08497661056437,963.2409469863986,17.61431437797121
2024-03-29,22.72,93.2,922.0,17.95
2024-04-17,21.49,86.1,1014.0,16.94
2024-02-27,22.935530499495144,86.90044348422698,867.9401544213823,17.821597472016173
2024-02-04,23.49059866859316,86.86353097398319,947.140202293514,16.4448706719741
2024-06-05,22.2,84.3,1000.0,17.63
2024-09-09,23.182536225623444,85.76604771374157,895.4462684971445,17.269764861989685
2024-03-02,21.465288230294757,86.69663078876734,839.0522386819639,17.37547538759164
2024-11-20,24.083427115757473,88.07406061112076,785.8765445611692,17.95409782796152
2024-03-31,22.57311893005258,86.02894011482047,873.0892657659429,16.610856524710723
2024-12-07,24.291458765854355,85.52703594546082,792.765340387167,17.240090018507228
2024-04-22,20.172174960084877,83.50107258069512,1059.4484130153157,15.881177199577161
2024-11-05,24.6,89.5,954.0,17.66
2024-08-05,23.506524345883804,88.39854665257134,646.2931716308582,18.052041981499777
2024-11-19,23.13,85.6,1096.0,17.51
2024-01-11,23.32,94.0,980.0,18.08
2024-01-21,,,,
2024-09-03,22.503182457511556,86.62952957687887,956.1281941555936,16.822518258570792
2024-06-06,23.545804558193726,94.60188086582163,845.621074626264,17.269212116120674
2024-02-22,19.394712086099197,89.65301875151226,1097.2593267782854,16.132573870042098
2024-08-21,23.737171087343125,92.29779624723851,902.4347515464833,17.80444142880868
2024-04-06,19.36839965239418,85.81708854534565,901.8987662776715,16.68217858486922
2024-11-15,20.96846657999541,84.14436662481825,934.2491912376457,17.096077932791275
2024-04-04,20.221387123371787,90.18403032027274,791.2135133806944,16.303778499488853
2024-05-31,18.935152775314133,88.10899495719846,996.1954405380988,16.637822357484055
2024-07-04,,,,
2024-04-23,19.83,87.0,893.0,17.66
2024-05-19,,,,
2024-08-11,20.4565897874729,89.58154237597644,803.0622909872309,16.437449231067188
2024-02-19,22.1,86.1,796.0,17.35
2024-02-29,,,,
2024-08-10,23.08940558118349,87.99915348637388,942.795691759922,17.358583724606323
2024-10-26,,,,
2024-04-05,18.968715798671735,87.77172330681402,853.9410256430849,17.35145346587979
2024-05-19,,,,
2024-12-07,22.861711722098942,83.15764202043441,841.8988245274348,17.009164033798466
2024-08-07,20.06274562851417,87.74721539588145,649.2462925744455,17.812854613567286
2024-01-05,18.321513463443445,88.24887459698094,957.6303816538469,17.067900246124047
2024-01-24,21.77,87.8,1064.0,16.97
2024-08-02,20.18976679297936,88.34006265343652,859.3443530297421,17.120319718589286
2024-02-05,23.090607354555978,85.19716399277111,766.773889497465,17.62667810185652
2024-01-28,23.51337612924432,85.65951227899149,962.9863485864076,16.91524308044832
2024-07-28,21.5,87.6,969.0,16.76
2024-06-02,21.48397991073422,91.53265534940496,796.9046065149718,16.94669511201027
2024-05-18,24.65728548347323,84.46538196789103,811.8429657120594,17.796582273786363
2024-01-21,,,,
2024-05-29,21.227168879665573,91.65313005909552,842.9138388069011,18.01958205122351
2024-03-24,21.43,90.3,860.0,17.41
2024-10-28,18.03059471887863,84.21963417868527,859.7448259106277,16.592850951203566
2024-12-05,24.80679298265395,90.29224155388196,942.2203672805998,17.72773151819229
2024-01-26,,,,
2024-07-10,20.694757677580625,86.15525908727396,855.2417339484343,16.12552816275642
2024-10-22,22.040328112162488,84.10660376403305,835.8966092182192,16.80261708401946
2024-05-08,21.04,88.4,745.0,17.63
2024-12-25,21.78,84.2,878.0,17.72
2024-01-25,21.698496407494414,85.29548414534746,1023.6131807046859,16.14191757739596
2024-04-12,23.02115197552252,93.59160706687481,796.0614810810482,17.15578730070242
2024-11-21,23.28645431476943,85.14136154397094,1046.6591562571152,17.21466833287408
2024-03-17,,,,
2024-12-03,21.209116045664953,87.59341465147207,972.6310108657606,16.506727718392103
2024-01-01,,,,
2024-03-21,23.743802052034905,84.56864479695317,884.440645841876,16.304276304850205
2024-08-06,21.77,83.8,931.0,17.06
2024-12-10,24.42,88.9,827.0,18.68
2024-09-03,22.66465856667351,86.55850741250104,971.4442556232266,16.83942382303504
2024-09-04,24.76,82.7,867.0,18.05
2024-06-09,19.125251813786544,86.09616952153571,858.1547232335492,16.690191926999713
2024-05-03,24.726051459998438,86.69753140074421,881.6676508842545,16.72642525066384
2024-07-02,22.047284128810347,87.99555391143805,855.536539095911,18.18307626308825
2024-05-13,,,,
2024-10-06,23.305402117702073,82.57966321468675,913.6126665524255,17.290858265962715
2024-02-14,21.205318329772677,85.2063057066658,910.222200934273,16.893448268477684
2024-04-10,20.59904988358896,85.25385635143226,911.2273706037843,18.033532293368697
2024-11-08,,,,
2024-02-11,23.640335816544244,87.42759819490298,1017.6608088783958,17.478726400693763
2024-07-07,19.842969640045443,93.02555552698031,992.9210966465786,16.749465942831293
2024-05-15,19.064629257949587,92.04519496482608,960.8116182022973,16.532658741474584
2024-02-04,23.251263431403565,86.13187121388853,890.7091577147668,16.34904311719001
2024-06-18,,,,
2024-09-19,21.64233053438122,93.2333493791783,1090.2973058481657,17.01964434969936
2024-09-27,21.0402956317119,86.02298306099858,924.9493269444388,17.07954861781828
2024-12-02,20.99,86.3,814.0,16.52
2024-01-09,22.231055272179887,90.31650551142894,742.0019612278041,17.631516015800006
2024-03-19,22.94,91.0,874.0,17.18
2024-03-06,21.99869650279735,81.34650284835939,883.3623912924269,16.759355649413504
2024-11-26,23.291236284217693,84.5234359032975,921.8011541048274,17.213738323363337
2024-02-27,24.22148686400761,81.11653026315142,870.5803431302375,17.98085895099234
2024-06-27,21.868521627944826,86.75115290694309,893.1209332644822,17.066499435797148
2024-05-14,20.53729360512326,83.9167128945987,853.8067379649989,16.73112266975713
2024-03-26,22.509030400466777,88.59602021971929,876.5106817469024,16.60882036441267
2024-02-09,22.98,88.6,1035.0,17.17
2024-01-31,25.21,87.4,1000.0,17.8
2024-05-01,22.93967254883004,84.00269573118429,858.2840015308752,16.501987276809324
2024-05-16,,,,
2024-02-24,21.29,91.1,901.0,17.65
2024-05-08,20.95087996048721,91.40151958126863,770.4226503145127,17.768695782382796
2024-10-13,22.4,86.5,904.0,15.8
2024-02-08,21.008220586300336,83.42480316194097,777.8813937277007,17.617232450781152
2024-05-29,20.645572341205632,92.54797352658007,890.8320370249091,18.491983711201073
2024-11-17,21.71,89.4,884.0,18.33
2024-02-18,22.72830625020672,87.77430843464568,914.6509341858804,17.818868669403408
2024-01-04,23.41,87.6,885.0,18.12
2024-11-23,21.9,89.9,933.0,17.39
2024-06-15,23.24199210142101,82.39218471707042,881.1937391275992,17.76369088878848
2024-03-11,20.09,85.2,832.0,16.19
2024-02-23,20.51747063536219,87.2167656158951,1004.4014419714395,17.4473477103467
2024-10-23,22.44,86.9,726.0,18.37
2024-06-20,21.89717478546243,84.2890457616795,865.4490280120091,16.996920857579603
2024-07-17,,,,
2024-02-28,20.7,82.6,813.0,16.43
2024-03-04,22.88,82.9,931.0,15.92
2024-01-29,22.916984673233188,89.51958089586209,966.2350726886887,16.91082581530536
2024-08-31,19.8,81.9,949.0,17.49
2024-10-09,22.327696286273895,85.34160127127102,895.57112463989,17.3782072748585
2024-04-10,21.43,85.6,932.0,17.83
2024-06-17,21.77,88.4,938.0,16.85
2024-05-23,23.76863155753235,86.84339742129669,963.1678699717486,17.43120661046716
2024-07-10,20.600293145342384,81.31408637160924,835.4037903595665,16.488844825802698
2024-02-08,21.336556963055767,86.23486574635945,827.2559288934729,17.428569817020993
2024-10-10,23.15383292091179,88.04315767439074,734.9037490283495,17.868092969985778
2024-11-04,22.87,83.0,964.0,16.84
2024-06-08,19.734636452170896,93.57803306221511,718.2303105628971,16.687421834158346
2024-09-22,23.52,91.8,928.0,17.6
2024-12-28,23.5,89.3,964.0,17.63
2024-11-26,23.51626383564251,83.83100754513538,910.0463335814945,17.156469620913132
2024-05-10,20.85771247075903,93.49791218989068,781.0630113932666,17.134140037924844
2024-08-20,22.11848651595869,89.49772014065141,813.7564942818238,16.840763719120975
2024-03-07,21.48,88.4,980.0,16.72
2024-04-09,19.558451996385607,84.87746044405836,714.5862364160881,17.670694148981983
2024-03-08,21.31,86.6,985.0,16.63
2024-09-18,21.6,85.8,1018.0,16.54
2024-01-13,22.1,81.0,818.0,16.65
2024-12-18,21.14,89.1,935.0,17.68
2024-07-05,,,,
2024-05-15,21.205766623898693,87.11252871485708,978.7218313339226,16.56349633309486
2024-10-21,21.64,86.0,731.0,16.87
2024-01-09,22.10074057728609,89.8821981360398,683.8321336015505,17.622971419673995
2024-01-10,19.963649254715694,90.80130879201522,735.3360779857494,16.86704986694475
2024-07-03,22.64,89.0,979.0,17.18
2024-05-05,23.1913912513058,89.02452003149736,889.0109144315619,16.937533268240937
2024-12-20,23.6,83.9,909.0,17.16
2024-11-27,22.96,80.0,1016.0,17.27
2024-10-11,19.352444755201446,84.522076504621,793.4353078322825,17.454121851186393
2024-11-15,,,,
2024-01-29,25.065751979616827,85.28820870759274,950.2078272912322,17.009718713147937
2024-01-13,22.437602662075204,79.06331109027273,823.0596401590018,16.744400454183854
2024-10-27,26.183186626639397,81.78846184468459,992.3491112238399,18.18382231293482
2024-06-22,19.332769056447678,77.79675998021017,1052.5832102536665,16.44604322109009
2024-02-21,21.342516765438774,89.80496272889698,907.6766331624482,17.848139935772277
2024-11-02,21.973237624573546,90.61869488037115,1001.600248633136,16.780094871922163
2024-10-17,21.62,88.0,927.0,17.08
2024-01-03,23.13,84.5,944.0,17.52
2024-01-07,22.19,91.0,962.0,17.59
2024-07-16,,,,
2024-07-14,20.77567463429286,87.78806037256547,1057.0347896761853,16.611554573230375
2024-10-16,23.527141635072564,86.51399017453903,998.3683477396594,16.08999521311862
2024-08-25,21.76,90.8,841.0,17.82
2024-12-04,23.965614558108566,85.41418960440818,1053.971235225941,16.95387558124146
2024-07-08,24.821151974816644,89.21151225114704,711.0950415613246,18.182110744863802
2024-11-25,20.643228669431664,82.80607730336334,938.4731925880351,16.544705574337783
2024-08-03,23.5,79.8,872.0,16.71
2024-07-12,24.469968626319822,81.76005353788271,816.9695338436023,18.266139925450492
2024-02-13,23.17206015999449,79.96791054356525,1000.5392662144936,16.94722614436124
2024-12-15,26.270747924881988,85.0567532641239,1032.6008140442582,17.613748331118504
2024-12-30,22.635416348988027,82.2161838602375,817.5253454306481,17.196773477074835
2024-12-30,22.291009231736712,84.34811313969514,833.7848195878726,17.14729406276552
2024-04-08,,,,
2024-09-13,22.65,87.1,788.0,17.86
2024-07-13,20.950370265433463,84.7876014275424,846.3025458612979,16.89738839389537
2024-09-17,21.64,85.4,970.0,17.06
2024-06-12,20.19310813047685,86.29207082226664,929.8511494222835,17.579405045889732
2024-02-08,21.16498171096096,87.16378297925262,853.6227769900256,17.367967046965486
2024-04-12,21.96671415301123,89.49028665626845,842.7393036178281,17.089543385162056
2024-12-02,19.18511789933548,81.30118857025285,791.4409200478354,16.63292118517872
2024-04-08,22.45294261849786,81.05620882982157,968.4001417522386,17.221178890623047
2024-09-27,20.92,86.1,895.0,16.98
2024-08-20,21.644502803207487,88.03789668505024,823.6801094798438,16.8968825960945
2024-01-26,21.47,80.1,991.0,16.69
2024-06-10,22.44803656646597,88.83914129500744,855.0913806046025,17.744822543997202
2024-10-04,,,,
2024-06-19,,,,
2024-11-23,21.960230209941024,88.38923413529336,997.7192463979651,16.98922752711865
2024-04-16,20.57,85.8,874.0,16.47
2024-10-30,21.257431848606842,83.76612865802554,925.0189049439527,17.223271674889265
2024-02-25,21.04,87.3,920.0,16.93
2024-11-15,,,,
2024-08-01,21.27,86.2,996.0,15.31
2024-04-30,20.46,86.5,871.0,16.03
2024-02-20,,,,
2024-10-16,21.84,88.8,950.0,16.22
2024-03-13,20.62,83.8,928.0,17.42
2024-04-21,,,,
2024-12-27,22.58,87.8,901.0,18.51
2024-10-25,19.36,86.0,900.0,16.54
2024-03-09,22.71418175935532,83.71636563347504,1033.3184011774579,16.563479763180492
2024-02-23,22.332525822394196,86.43019572711403,976.4600237160633,17.586754019373412
2024-09-20,22.47547880715433,84.38667889864539,1017.8644950099172,16.280594859850797
2024-12-16,,,,
2024-02-02,21.347327383308784,85.13939120265822,957.9307555310755,16.539918453206056
2024-06-18,20.872379570617408,81.38223147426211,813.5147556247649,17.479042271182465
2024-12-25,22.697861947054776,85.36785637065194,895.4629311040585,17.64496072393521
2024-07-10,22.521662693962938,85.09304233940294,892.7248640913509,16.03597923645763
2024-06-09,19.831555778747564,85.60457728771604,820.2092721138337,16.467582210430788
2024-11-02,21.5,87.8,979.0,16.72
2024-12-05,23.8412801191162,89.37806766836184,834.7360030093839,17.699021199876743
2024-03-01,19.48,85.9,840.0,16.51
2024-10-27,24.262337853402233,80.82048063938129,965.8079317735534,18.377386607211246
2024-04-02,21.37,84.5,807.0,17.2
2024-11-18,24.070907565598006,89.18327062161491,912.3981123161329,18.452726376524993
2024-10-30,20.949818959803032,83.35753436573857,901.3713173049225,17.42682320570719
2024-01-01,,,,
2024-10-07,,,,
2024-09-11,22.718950596967364,91.80584604170261,990.1827866447737,17.227695147761946
2024-05-08,20.805412866624852,90.4583112746513,718.4559185791929,17.25127706660924
2024-12-08,22.11,88.7,882.0,15.83
2024-07-01,21.38,84.0,944.0,17.53
2024-04-30,20.473001891877907,85.62053788345165,855.1414995475072,16.150241349785823
2024-01-22,21.090922589709866,87.15267598623953,873.0333104042658,17.274090081109517
2024-04-20,22.65,86.0,1052.0,16.65
2024-12-22,21.394459559399575,95.20683117047656,808.3362595859272,17.853919857158846
2024-07-16,20.679633368282865,86.42459688012804,956.3508322849991,16.60527964542062
2024-04-17,21.902780926936497,87.97656761195199,1022.4773985146489,17.133079496918235
2024-04-25,22.66353407715732,90.59395576870747,946.5909205626529,17.04122903677329
2024-12-12,,,,
2024-08-04,22.322393775927505,80.8319490101636,894.2880276767146,17.718536483671944
2024-09-18,21.6,85.8,1018.0,16.54
2024-11-23,21.9,89.9,933.0,17.39
2024-02-07,20.52231879677278,87.35983046734769,862.0170759169283,16.69317564593041
2024-08-04,,,,
2024-12-05,23.47296923669057,91.29480013969972,899.8382236571173,17.872279310898318
2024-05-17,23.26,84.8,867.0,16.89
2024-11-20,24.014696290740034,89.29175534619105,820.7218757743439,18.258362826748275
2024-04-04,19.71496657110872,82.0522413467421,777.4932933144148,16.343937274852202
2024-09-20,21.218084946661385,81.12085506647281,981.1192242958954,16.325289569825152
2024-10-01,25.45419151847095,88.93872164807215,891.1355904591252,18.336526637278986
2024-05-26,20.073982618500295,86.99541712003463,828.1120269337448,16.531502737967383
2024-05-07,21.695356216949552,89.10679660353429,890.851660650479,16.88737747801946
2024-01-30,22.65,89.1,935.0,17.29
2024-06-14,20.65,85.9,984.0,17.02
2024-09-05,26.36,88.3,787.0,18.49
2024-11-03,23.95,84.9,855.0,17.62
2024-05-07,19.330485570374474,85.48165575306271,953.8864380600223,16.64678542879459
2024-09-27,21.567688538100693,86.2466359343768,862.2306170598226,16.75464650621804
2024-11-30,22.05,86.4,848.0,17.61
2024-12-01,18.797200269035663,89.8116867294187,911.544561281214,16.97469041805971
2024-07-04,,,,
2024-12-03,21.661506397106812,83.78610875255787,918.7046879781984,16.716384508934787
2024-07-24,22.90554512712236,83.88620251593677,964.9978618998862,16.951120893200688
2024-04-01,22.800423838186052,94.48454071722372,984.8037230416107,16.718346855671815
2024-02-22,18.275885829264375,87.8472156860315,1016.8889441780962,16.086549362690615
2024-03-06,23.19,83.9,890.0,16.78
2024-08-24,18.261729781726352,84.57277557557228,902.7746548090794,15.47170368095541
2024-06-13,23.38922118197523,92.36176046442891,883.4048347645883,17.605042283781703
2024-04-11,,,,
2024-09-11,21.63,91.4,930.0,17.14
2024-05-24,18.7407678222399,85.81063704855819,763.67561390443,18.030133144276242
2024-11-08,,,,
2024-07-10,22.521662693962938,85.09304233940294,892.7248640913509,16.03597923645763
2024-08-09,22.36,83.5,936.0,16.91
2024-08-23,,,,
2024-07-09,24.951636025047634,83.28307740727287,863.3546954437631,18.098947238943754
2024-07-19,24.65394408932533,93.22040907753271,894.8944613242521,17.536494946849512
2024-11-01,20.42,89.4,900.0,17.39
2024-10-12,,,,
2024-11-25,20.643228669431664,82.80607730336334,938.4731925880351,16.544705574337783
2024-10-04,,,,
2024-09-06,20.24,84.6,936.0,15.91
2024-04-08,,,,
2024-04-10,23.620455625809978,84.44872434752445,937.5404091759473,17.99142451932746
2024-03-12,20.3,85.4,813.0,17.96
2024-04-04,19.47,86.9,751.0,16.61
2024-02-03,20.78,88.6,951.0,16.64
2024-10-07,22.560061470036572,86.15807165234067,780.9556774338301,17.199157228674572
2024-09-16,19.94,88.4,861.0,17.64
2024-07-23,18.92,87.6,925.0,15.72
2024-01-15,21.997946906122646,86.29516341072333,911.5874110524246,17.523625069754456
2024-06-18,,,,
2024-02-13,22.711395605508415,82.21201990269128,1012.8172194314959,16.62229630938222
2024-03-18,22.24,88.1,800.0,17.42
2024-03-25,20.21,88.2,850.0,16.98
2024-08-26,20.787300493044853,83.49265086406054,961.6755713613625,16.34296989468844
2024-03-23,21.46,86.0,920.0,16.97
2024-01-05,19.169651365087642,89.3078802005507,958.0124172383328,17.081094031833327
2024-04-10,21.990784526368234,88.70100098562814,913.7065128704186,17.649875853070423
2024-07-01,21.63442084330121,85.10010419804911,924.4999225752962,17.629937022060588
2024-05-08,23.16215619701263,87.68141581842589,738.2054770345051,17.566456980648752
2024-12-11,17.52989854178511,87.15364378212051,974.9964580468564,15.94840376959856
2024-03-21,22.210825762154712,81.98090712137201,929.9225249703109,16.38791613625105
2024-10-12,21.044611883997128,91.57544942258991,832.7292485491475,18.029463141481116
2024-12-16,22.55,83.4,920.0,17.24
2024-12-08,22.680890510693168,89.6849025280163,903.6714407348331,15.727357286705683
2024-01-06,20.05,87.0,913.0,17.11
2024-11-06,23.77,88.0,824.0,18.23
2024-04-01,22.800423838186052,94.48454071722372,984.8037230416107,16.718346855671815
2024-04-14,20.6,84.1,840.0,16.18
2024-04-07,20.5,82.2,891.0,16.35
2024-04-09,20.881962271566035,83.49141026696437,707.2432603006578,17.845830480349775
2024-03-16,22.340274492007413,82.40359863093579,987.4174118233681,16.33852840848141
2024-11-10,23.24,86.5,839.0,17.88
2024-09-10,21.639574911434575,85.50083781028715,989.0313827770142,16.956559399082316
2024-08-28,21.987142754282427,87.14572564835025,893.6869002820198,17.810041412983637
2024-03-03,22.24,92.2,941.0,18.14
2024-10-08,19.38,88.8,1015.0,16.5
2024-10-04,19.13212210741115,94.66528015443116,925.1455103038537,17.094147321261442
2024-09-23,22.23,94.6,961.0,17.94
2024-08-20,21.22426122128801,88.55962636580828,794.484386373721,16.469248246796788
2024-08-26,20.41,85.1,974.0,16.56
2024-12-25,20.673665025993973,81.6977728472294,871.5967138720938,17.689745343269298
2024-05-25,21.38,82.3,743.0,17.68
2024-05-24,,,,
2024-11-05,25.603532897892027,88.09131261891449,944.9259094053562,17.791180155305952
2024-10-24,20.95576592713375,85.94096436239472,935.6624585911255,16.347708408612593
2024-04-28,24.4,88.7,843.0,17.71
2024-08-25,22.30709738117004,90.60164827244124,818.9622526960585,17.729581933433384
2024-09-10,18.567912200477497,87.34726349971955,970.0209652044854,16.63037512962325
2024-09-07,21.45,83.2,937.0,17.87
2024-06-20,23.461031947043047,90.6647641296748,921.7991642881735,16.876769908950738
2024-10-12,21.29,92.5,818.0,17.99
2024-03-04,22.88,82.9,931.0,15.92
2024-01-10,20.72,88.7,720.0,16.66
2024-02-02,21.037639035218877,84.88667780630355,981.2628611602792,16.542148321029305
2024-07-15,22.96,88.0,886.0,17.3
2024-07-26,,,,
2024-07-07,,,,
2024-03-22,21.01,90.2,854.0,16.72
2024-11-09,22.11561727547482,87.91127917615212,910.454880756427,17.77166949084412
2024-03-02,22.287084603742453,89.3208896922867,824.4721163761789,16.832236568344715
2024-07-21,22.826260190374516,85.94283111277281,976.0725720402784,16.802864338933773
2024-03-02,23.57540079864544,89.36072440214664,806.996483937905,17.167342779164283
2024-04-22,21.495317379728835,80.91109897793145,1057.6573521326184,16.065281905219503
2024-08-27,21.21,85.1,903.0,17.02
2024-06-15,,,,
2024-07-30,20.01,91.0,971.0,16.11
2024-08-10,22.252027358683385,82.20730921396262,987.1989358811418,16.93007095606029
2024-01-31,25.21,87.4,1000.0,17.8
2024-05-30,,,,
2024-08-15,24.82,92.5,1079.0,17.9
2024-04-23,,,,
2024-09-23,23.262465260551146,95.78130966138461,932.2168228982956,18.196328759000757
2024-03-16,23.79698861664535,89.67823361088814,954.828859945422,16.51491789400421
2024-04-08,23.74375404320693,80.21010064341594,1009.8158308561506,17.090088572818285
2024-06-26,22.24,87.7,798.0,17.28
2024-07-28,21.5,87.6,969.0,16.76
2024-12-13,22.074189715034564,84.34426754326743,1160.2042157245598,16.24315422995423
2024-05-15,20.48,91.1,966.0,16.49
2024-08-16,19.016617560644843,79.43401555162286,896.0209876085228,15.634793031466485
2024-07-26,21.647894044741516,88.10060352292375,909.2438818461436,17.063235657422993
2024-06-25,25.8115686206579,82.52281778569817,908.905179475966,18.34324686688272
2024-05-04,24.48781631197346,88.03362707540126,938.4020070460414,18.63913349795679
2024-01-08,21.53,89.6,965.0,17.31
2024-10-03,20.03100498907793,88.09589155129477,977.8279403886548,17.314481255576073
2024-06-04,24.65,84.1,923.0,18.24
2024-12-14,19.066275447196023,86.10763313357045,845.4293949362113,17.573442514993726
2024-12-23,22.41,80.2,777.0,17.12
2024-05-11,19.418784323568815,82.61665382504344,773.8996691035362,16.944726415362293
2024-08-11,20.37,87.7,807.0,16.14
2024-11-25,21.22,84.5,936.0,16.81
2024-10-20,18.21428001909546,87.56851177000553,1010.845107299092,16.253923331538797
2024-08-02,22.5475399442579,92.5210460031827,962.1302072863446,16.908010258913777
2024-09-29,22.139774856896416,84.5809494759208,888.2464326976967,17.84745816745335
2024-01-02,19.41561235866571,87.21301793301672,900.57192241104,17.303196028178604
2024-12-20,23.351035851520926,86.24545803851873,935.1389189237174,17.08258005950512
2024-01-13,24.289802933217672,79.62162436382087,853.6215815469425,16.453766893772062
2024-07-26,,,,
2024-08-05,23.773181393259993,84.82522574538696,613.1757356405767,17.836147924053122
2024-02-18,23.644119817052154,90.61800751517703,905.6238112302623,17.46851946765986
2024-04-25,22.66353407715732,90.59395576870747,946.5909205626529,17.04122903677329
2024-06-29,24.203687211491914,85.59538736150185,793.1042757391003,17.670243190335377
2024-04-07,21.179597748934675,80.97442261903123,908.7758084760355,16.279191857811796
2024-09-10,19.27221681803515,85.9373466177458,911.1589079819961,17.14746690331782
2024-07-05,,,,
2024-10-30,22.331902504375226,85.82203493440524,894.4530609465029,16.935668653091742
2024-09-29,21.862592400781796,83.81926073984035,879.7079719678038,17.53485838416768
2024-10-15,24.638880808455237,84.6913637759452,878.6874484979624,16.81026952968591
2024-02-21,20.738864690992113,87.81227352921742,863.1697457722213,17.72882783584822
2024-06-12,20.77,87.8,903.0,17.68
2024-08-16,20.72,82.0,900.0,15.74
2024-02-11,22.02674670766376,85.47506644821146,966.3456799977447,17.10814351237738
2024-05-31,19.79935743087817,90.40234548462179,953.7258824290585,16.200347342249476
2024-07-31,22.05,90.7,939.0,17.89
2024-04-05,20.407072127180538,90.6840045726892,837.4455379601209,17.14363555835391
2024-03-20,21.54,86.0,917.0,16.88
2024-05-28,23.6,86.7,892.0,17.37
2024-10-29,23.3,88.4,860.0,17.6
2024-09-24,24.993242112485287,84.5769643940161,891.8285523098998,16.487083606041846
2024-02-23,22.034438834058747,86.45474540011836,959.0513906184585,17.49318485041089
2024-09-15,22.652433334796225,85.0337460542524,920.3259024316578,17.175359549073036
2024-06-09,20.16468640313824,85.5094089352261,869.8079967165293,16.027627617734097
2024-02-13,22.35,81.0,1008.0,16.7
2024-08-03,22.331321962380468,77.84825349404534,918.8453359018056,16.982131719167732
2024-05-13,21.67,81.0,907.0,17.02
2024-01-18,21.417659623202017,83.95472458115134,968.5768680372561,15.73584764126379
2024-01-04,22.372753845673543,88.44384150847057,950.1282815249344,18.15536417442788
2024-05-23,22.445571839903813,85.96891357997404,880.4540334973308,17.799804030299036
2024-11-07,22.66,94.1,978.0,17.68
2024-05-14,19.48889630441071,84.37135678629492,861.7343091905559,16.885210050154434
2024-04-22,22.193051243175276,81.60329191852242,1035.9794849998125,16.11767838512168
2024-05-06,23.788779528114166,90.89871087317199,914.8905461027401,18.519535296707666
2024-03-05,22.831051953133592,85.31989823481142,711.85838877907,17.1781178432801
2024-09-21,24.386437312275284,78.39601662438649,834.5445286350708,16.843826725231047
2024-04-21,22.948317206484575,90.46593934829376,878.9046314795896,17.454861924657372
2024-04-14,18.938479937731042,86.86854563702103,838.1801755855614,16.153705480865668
2024-01-01,22.46,91.4,936.0,18.05
2024-09-20,20.860787624148788,81.7378733448002,1000.6773733283516,16.434224485675866
2024-12-26,21.77,91.4,852.0,17.34
2024-11-04,23.184247332595273,82.46222261889034,979.2397398073763,16.62545139485204
2024-11-12,22.1,88.9,857.0,18.47
2024-12-20,23.167441812180382,82.69726471209758,951.3279713923881,17.25644979053613
2024-05-14,17.871228784700957,81.04851237369307,865.3377761401781,16.62123477224544
2024-04-09,20.951250154543537,85.3401354613775,701.0328250981953,18.038757576309976
2024-04-21,22.948317206484575,90.46593934829376,878.9046314795896,17.454861924657372
2024-09-12,22.956552848288155,85.69279492181887,985.4533712759027,16.959521311117378
2024-08-04,22.483976467832157,83.94782826812933,935.6137249560547,17.706665798562213
2024-02-24,21.29,91.1,901.0,17.65
2024-05-20,22.62,85.4,922.0,16.81
2024-06-21,21.32,90.4,888.0,17.47
2024-02-22,19.308242956415462,91.61560353778412,966.2687312356527,16.370081905045538
2024-05-05,22.54,90.3,901.0,17.45
2024-08-12,22.41669079933002,90.01078539556099,854.9906385525793,18.049962147029717
2024-08-20,22.20534316676204,89.79310955302316,857.1484921430091,16.320763809372554
2024-05-30,22.13114587337131,84.85899879275365,911.6660928351691,16.986848002177847
2024-03-29,22.72,93.2,922.0,17.95
2024-03-31,23.0,87.5,862.0,16.86
2024-06-09,20.85729952087661,82.80397219916752,848.4781765311229,16.613951588429636
2024-06-30,22.33,87.6,932.0,16.92
2024-12-29,20.41,83.6,914.0,17.37
2024-05-23,24.670692857804394,83.62930589348048,932.5746252083001,17.49507768410848
2024-10-01,24.36,88.6,900.0,18.42
2024-04-17,21.49,86.1,1014.0,16.94
2024-09-08,22.51,89.1,778.0,17.82
2024-03-10,21.71,89.8,903.0,16.7
2024-10-18,22.23,84.4,925.0,17.66
2024-05-11,19.93,81.5,785.0,16.85
2024-10-27,24.59,81.9,995.0,18.41
2024-09-28,21.677127167737655,86.25679748117187,874.5794634852509,16.614125698363587
2024-11-22,19.64,86.3,912.0,16.28
2024-05-24,20.78,88.4,749.0,17.93
2024-01-15,,,,
2024-11-13,20.066142563798866,88.9626961070316,993.0971351305421,15.969589689128496
2024-05-01,22.214415329089544,84.76816693651845,909.467484706447,16.307178601258666
2024-09-03,21.276177547531642,89.62817433657672,989.3080733911736,16.99809221035807
2024-09-11,20.079336568933865,89.99364714974823,898.5926705195418,17.691932007782217
2024-12-04,23.73,86.8,1016.0,16.61
2024-04-01,21.924094780419775,90.10615884224164,1007.7622703614437,17.019765684040507
2024-06-13,23.26,91.7,875.0,17.57
2024-01-29,22.62,88.4,951.0,17.18
2024-01-13,22.446448209496978,82.6678443090978,850.1752201192941,16.554755825291068
2024-07-12,24.19,83.3,854.0,18.71
2024-08-22,20.64012506470663,78.96039404084185,927.9763861302497,17.12363693210657
2024-06-18,21.94,82.3,777.0,17.12
2024-08-27,21.426458589581976,85.67173078144981,886.464428510144,17.040371259052396
2024-06-22,20.16,79.8,1027.0,16.31
2024-11-22,19.872253697161003,86.1596685770827,886.8237099798298,16.332512265800386
2024-02-27,24.24524369971818,82.27125023958037,872.2472555286854,17.863360676255922
2024-05-02,21.858068134210566,89.56586363551102,1019.2632985770363,16.183637145141585
2024-05-10,20.429463674869314,90.04401962929072,780.586211314109,17.335290760059106
2024-03-14,22.75,85.0,930.0,17.01
2024-04-06,,,,
2024-08-22,20.91,81.7,897.0,16.93
2024-08-02,21.51,88.1,923.0,16.84
2024-11-03,24.595375949585147,84.1587713358278,858.7913873863923,17.78982042214863
2024-05-12,22.95,86.0,895.0,17.11
2024-05-07,21.985454240281097,88.18832175413814,903.2743952701238,16.75614018114374
2024-12-30,21.877518481410107,82.49938969230915,840.2328507888777,17.20888079623419
2024-07-04,24.3,88.2,993.0,18.31
2024-02-11,22.81,86.6,1009.0,17.19
2024-04-18,23.26,87.6,1047.0,17.21
2024-04-08,22.09305682462887,77.63219435302855,994.664884089616,17.162175921844593
2024-11-13,21.432472415243186,90.96456797855085,1021.0504934254118,16.059350318195396
2024-10-11,21.087507710047305,89.97674940956145,783.9659123526242,17.53200364517056
2024-10-19,25.352822814515022,89.60728359321568,933.960124471973,16.968235920176177
2024-03-21,21.887722730778382,85.93094888892514,835.5931580636977,16.50184913368648
2024-01-25,21.36,82.8,1043.0,15.97
2024-04-05,20.0440937441302,86.85427994569346,895.7293022814192,17.09562855339197
2024-05-09,21.123785950912207,83.8545559568754,965.5859733172108,16.138183835079143
2024-05-19,28.002411303931638,77.31332237534528,911.4080031970915,18.174809795271496
2024-05-31,20.246954613957005,90.83663321200463,954.4254004227274,16.416564341990128
2024-12-14,19.491735698828816,88.64634116792382,871.2741436272153,16.9358247695863
2024-12-16,,,,
2024-09-14,20.53197592447879,85.58694818251665,892.8990018147838,16.36784937282223
2024-07-06,20.673267433113356,88.24173087625589,947.5007975933746,15.620289641508318
2024-09-21,22.71,79.8,891.0,16.89
2024-10-05,23.378123033877532,87.71075101229192,973.2582194870822,16.805191053583215
2024-04-05,18.770786478111045,88.66387090446311,888.9354088829047,17.552388797077278
2024-07-08,22.492431085399108,86.62473059515031,743.2570379432195,18.400625009075217
2024-02-28,20.098293387770603,82.81286045538378,792.9572863907085,16.129405934320967
2024-06-25,24.37,84.5,882.0,18.5
2024-01-19,23.32,83.2,870.0,17.3
2024-07-29,,,,
2024-08-13,22.029733243406543,80.7969211516191,998.9891648275003,16.618838394299985
2024-03-02,21.5,89.4,800.0,17.32
2024-09-29,21.85,83.7,867.0,17.67
2024-01-15,,,,
2024-10-05,23.79,87.5,960.0,16.79
2024-10-06,22.802931454275626,84.69475204139522,939.6923781934809,16.827151677657792
2024-04-16,22.093029856408027,83.22007820051789,864.5077465091559,16.231214998720187
2024-01-26,,,,
2024-01-24,21.77,87.8,1064.0,16.97
2024-12-05,25.043033374656268,90.4881799857966,887.2056332429541,17.827710653954146
2024-05-16,21.399107501938886,91.47926159124688,800.2225953846571,17.050443936236505
2024-01-09,21.047834675822372,92.85540162815288,763.5523690913379,18.379818885061745
2024-05-22,20.676170839215885,88.25129081547803,997.5279260682388,16.447063628513003
2024-06-05,23.16864499053289,84.33686786613079,1017.3787449880326,17.624695748150188
2024-12-10,23.819361310081195,87.81315045773248,835.021769422157,18.658810329139172
2024-06-01,19.020824347895292,84.38524692515331,810.3139581310336,15.780389523544583
2024-02-27,25.86861554557129,86.15408165444624,904.177211036082,17.984194588877877
2024-11-26,23.806582307187536,84.15455286050467,892.0062271434684,17.171465240053198
2024-09-30,26.197122226218916,87.65095946744046,941.8432588693599,18.518853539827475
2024-03-15,22.21,88.3,1003.0,16.89
2024-05-30,,,,
2024-12-11,20.45993440501754,88.41550387091095,895.2961473429161,15.711057373782188
2024-09-24,22.80045682577984,85.83115809516293,867.810476089845,16.414299062165128
2024-04-24,22.11,94.8,910.0,17.7
2024-09-21,22.033077999694044,79.0503583849008,888.8850366582272,17.517549706731998
2024-03-30,22.67,87.2,809.0,17.54
2024-05-05,23.1913912513058,89.02452003149736,889.0109144315619,16.937533268240937
2024-07-25,21.21359243063518,85.54606588442446,829.568599319952,15.894885137561602
2024-11-18,23.709761890550865,89.30744982620959,906.5068328211391,18.490295255047904
2024-06-24,22.75799829124545,83.69038644005548,1107.3666166624628,17.5458746565913
2024-01-12,23.17,86.4,995.0,16.6
2024-06-18,23.792278184508937,81.79004556515828,806.7612704860957,17.170747932298916
2024-09-14,23.34941664047013,90.17894097784928,976.8515312129226,16.06008375261448
2024-03-10,21.58421307990035,90.87751198489273,950.9594151151415,16.81110252926845
2024-02-12,21.0,89.5,920.0,16.95
2024-06-16,22.58,85.7,831.0,17.79
2024-08-29,21.474917719583683,88.81934920368373,907.8907826307019,17.04286515720426
2024-08-11,21.5055656401806,88.27833728781565,795.815005437247,16.094280016931997
2024-03-15,22.257398671316416,89.81785717957352,955.4759217098353,17.239916780841085
2024-02-19,21.914341023336185,86.75226604448423,832.5628555509195,17.310532315938538
2024-09-15,24.520169166589618,87.16368907893727,876.6381473020818,17.109892630101683
2024-12-12,,,,
2024-11-03,23.95,84.9,855.0,17.62
2024-04-27,22.98514232050124,89.36056690806367,960.2135996724825,16.86614457215076
2024-02-08,,,,
2024-09-14,21.44,87.8,926.0,16.32
2024-12-01,20.18,90.3,895.0,16.64
2024-01-16,20.71,87.3,974.0,17.37
2024-12-19,22.643096344337597,89.35508634020142,939.1963568338714,17.133911118688687
2024-11-20,24.73,85.7,790.0,18.14
2024-04-08,20.12835549987271,78.59282136556845,988.944080562825,17.061891789536748
2024-10-03,,,,
2024-08-10,22.26,84.5,938.0,17.22
2024-06-28,22.43,86.2,814.0,17.1
2024-04-09,20.64,83.6,686.0,17.97
2024-03-26,,,,
2024-01-23,23.83,88.6,819.0,17.76
2024-12-22,22.35,90.4,788.0,17.9
2024-11-14,24.197542255795963,84.46459759737623,857.2909952586867,18.301412631725636
2024-06-13,,,,
2024-07-17,21.515054688839044,83.63826245415936,926.4034922972639,16.342294033145606
2024-08-25,,,,
2024-12-06,18.56,84.1,884.0,15.96
2024-09-16,19.867989878419667,90.49801845167379,842.5979200937718,17.051922273067145
2024-07-12,23.60063524305579,84.05442375012903,781.2727921918117,18.71382955548315
2024-11-22,21.522024496475034,87.13803801873209,898.908423284203,16.401370118643136
2024-07-22,22.97,88.6,1032.0,16.68
2024-10-14,22.571919171506504,92.0760069563364,874.4579441902677,17.393679644177734
2024-04-03,21.88,88.0,731.0,17.81
2024-11-04,23.184247332595273,82.46222261889034,979.2397398073763,16.62545139485204
2024-03-09,23.29,81.5,982.0,16.34
2024-03-07,21.48,88.4,980.0,16.72
2024-10-11,20.33,85.8,816.0,17.5
2024-06-29,23.11015563053521,87.76755376186419,832.4986045620315,17.751375435520046
2024-08-05,23.36488024539488,82.98674165295219,671.1124866712646,17.83625824871082
2024-06-02,21.27,89.7,806.0,17.17
2024-03-16,23.04,86.4,988.0,16.68
2024-02-02,20.366009230320184,87.39988882593495,957.8888960885477,16.565491038751116
2024-02-22,20.568969220493265,89.75371894715047,1071.9777249561928,16.692523084322584
2024-07-31,22.407112571511746,90.92845529732408,884.9405868725994,18.0350191573696
2024-07-07,19.95,93.1,1009.0,17.02
2024-09-28,22.47,86.4,842.0,16.82
2024-08-24,18.78,85.3,880.0,15.6
2024-08-01,22.672794310936098,86.56967224738975,1056.4016174257986,15.557789270587888
2024-09-15,22.652433334796225,85.0337460542524,920.3259024316578,17.175359549073036
2024-06-28,22.60318092585118,85.63643078227899,796.5842965058583,17.263577931605006
2024-04-27,22.03,87.3,968.0,16.94
2024-02-12,21.755391225825758,87.51721530108739,876.2734550160521,17.15946354132429
2024-09-09,25.94563785880495,88.83796615837055,941.3898159680801,17.289785126758396
2024-05-22,17.479543386915726,89.06039570201192,966.0577683658977,16.29837670218495
2024-06-08,19.779955513303015,93.7569037252146,728.9024949286913,16.770351598449746
2024-09-06,20.44346363586722,85.00219809342993,881.0810130943063,16.088039682224956
2024-07-20,23.09789562473983,88.97218635042087,932.7809356798731,16.91098682219997
2024-07-09,23.141915658502676,86.95091512356993,883.9625872509706,18.362230986049468
2024-05-06,24.19,88.1,927.0,18.45
2024-04-26,22.35,91.3,1154.0,16.72
2024-02-10,23.367550390722762,86.25218210042166,1019.8315338078941,17.622019379778227
2024-12-14,21.594725132916388,86.83856683978283,846.2960205288445,17.5567455419833
2024-02-27,24.24,85.2,884.0,17.9
2024-12-14,18.968213535231612,85.53813992011617,855.6522065887555,17.2987906395817
2024-11-09,21.448983800237542,89.38950868333058,862.5885682216152,17.292647152552355
2024-12-03,21.976999065341165,82.78215630545682,913.5836496255653,16.715177441238605
2024-11-17,20.811585328651642,90.27264733934807,923.5134520201959,18.43450282105315
2024-04-15,21.69,88.0,828.0,16.59
2024-08-20,23.911273289066113,89.49287309631231,819.1745528484809,17.197907744338956
2024-03-12,20.065846625276663,82.80984245587277,849.3929309993755,17.988588618952743
2024-09-25,22.08,81.2,910.0,17.29
2024-12-14,19.421877749642725,83.95362619043244,852.358981169547,17.117603564440678
2024-02-16,23.31,80.0,813.0,16.21
2024-12-15,24.21,86.4,1015.0,17.48
2024-07-14,20.66,86.8,1051.0,16.52
2024-04-12,21.47,92.8,810.0,17.0
2024-08-04,24.155420046154976,82.08997628848319,923.711705882225,17.98130871296591
2024-03-09,21.81141375422016,83.28984875388888,1011.0837160158021,16.18666868244333
2024-03-09,22.736350694652817,81.6038917716146,993.0186194020403,16.562537674997984
2024-07-17,,,,
2024-09-20,21.17,83.9,1005.0,16.33
2024-03-30,21.765683374895595,89.24514086401928,809.6393494601583,17.585061584408187
2024-09-08,22.601760776535503,89.89827222870413,736.9936390475374,17.992478694476553
2024-05-06,22.122557899960125,87.24376967806818,861.8199136195789,18.277444847191376
2024-10-31,21.91,79.3,858.0,16.12
2024-12-07,22.46,84.3,811.0,17.11
2024-11-18,23.471341361079862,91.0056452349588,947.4304908520534,18.62715643836443
2024-11-09,22.66,88.2,908.0,17.38
2024-05-29,22.24,89.4,898.0,17.87
2024-05-04,23.25,89.0,922.0,18.24
2024-04-09,18.769208078974145,84.68659605807277,685.0031002806662,17.693791079369245
2024-06-16,,,,
2024-10-15,22.18962884192361,84.58002890010667,857.1284196796112,16.628712724636397
2024-02-20,22.43,87.6,896.0,17.66
2024-12-19,23.22,85.9,905.0,17.3
2024-01-11,23.32,94.0,980.0,18.08
2024-05-22,18.8,88.3,958.0,16.43
2024-10-15,21.964050856814538,80.01825153733671,866.7202896854441,16.498488027126207
2024-04-08,22.880991867735034,79.39975837012165,1041.7806570687856,16.927365199081436
2024-07-08,25.30254491210319,88.88301370384492,766.0952953071121,18.22959663069418
2024-09-20,21.32039378647621,84.945670976071,996.1379576958291,16.677779932759513
2024-11-16,23.17,85.6,801.0,17.2
2024-01-20,21.93,82.2,829.0,17.08
2024-10-12,21.159856945632313,92.33569764321486,820.5843164913913,17.860125392335714
2024-06-11,25.52366210528695,89.32775823358982,814.5440408028546,18.328074379210342
2024-10-10,23.006927373764164,86.1741981648981,751.5382527677712,18.080652132664206
2024-09-11,22.718950596967364,91.80584604170261,990.1827866447737,17.227695147761946
2024-11-02,21.38435171761176,91.30454088684725,1020.7062264705194,16.714147437263
2024-08-18,19.722898290585896,84.74250275667305,1034.4306467611111,16.890776887433763
2024-02-26,21.771866255058494,88.79029825554677,934.0174695412893,16.98606536876047
2024-11-08,23.780278157819225,88.69582156692529,973.3889951964072,18.30241217865038
2024-02-08,20.76,85.8,798.0,17.62
2024-06-24,22.26,81.9,1065.0,17.41
2024-09-02,20.07,83.9,817.0,16.18
2024-12-04,23.839394794604893,88.46705792321785,991.7118944023506,17.20705180052068
2024-10-01,25.862357052096026,89.29300776346143,912.2945597078553,18.287935772105314
2024-08-09,22.36,83.5,936.0,16.91
2024-01-12,,,,
2024-06-03,21.92,91.9,813.0,16.77
2024-10-30,21.52023306101959,86.69096836228216,925.2871123024119,17.534721243845926
2024-06-09,20.85729952087661,82.80397219916752,848.4781765311229,16.613951588429636
2024-10-14,22.08,92.0,878.0,17.31
2024-12-11,17.983069528421918,88.29741977517928,922.2265874073361,15.646981161634425
2024-04-06,20.116995964992718,86.73459166317626,869.8358296404318,17.1942608064546
2024-04-23,21.362738913002577,90.59537305369905,867.6093003502738,17.304282483198698
2024-07-05,20.89233063204291,88.27202231154898,991.4530506075328,16.12063748621647
2024-09-09,25.133360192379936,86.32369930964455,921.4507823744225,17.674411488342827
2024-01-18,20.56,82.2,941.0,15.82
2024-05-07,20.22,86.1,934.0,16.71
2024-11-18,23.76,91.5,909.0,18.38
2024-09-12,23.17,85.7,951.0,17.21
2024-02-16,25.065340842443202,79.9488918580171,798.7528903013242,15.991659824772139
2024-10-02,22.58,82.5,927.0,16.29
2024-07-09,24.59,86.1,875.0,18.06
2024-04-25,21.21,87.7,929.0,17.33
2024-02-09,22.98,88.6,1035.0,17.17
2024-12-20,24.47232063672068,84.2951992093848,903.3856720498635,17.02448706953287
2024-09-08,22.395263558533102,88.06477740192766,772.1902162216085,17.499819204304696
2024-06-29,23.96,86.5,840.0,17.85
2024-10-28,19.7,82.2,916.0,16.49
2024-09-05,27.36629280921444,88.17481374420095,739.5642789390361,18.627941561049038
2024-09-02,18.647746290402328,86.11105186591597,858.2097563548888,15.810762427552381
2024-05-20,21.375345296688582,84.23663817210272,915.7233437876641,16.91977676706347
2024-02-17,21.354273953664457,85.47757831805303,954.1643144266251,16.108677693468447
2024-04-15,22.74842448684959,84.52057244244381,843.4172354897674,16.518594159838678
2024-06-08,19.539975278421508,92.11836015845688,753.0514181137135,16.914877836142544
2024-04-12,22.23743472915291,92.28081729727279,821.7995351818312,17.12761022028815
2024-02-15,22.33,82.6,916.0,17.85
2024-07-19,22.483486124550783,89.57353352895416,885.3626577556289,17.777097031737878
2024-06-06,23.47,91.0,865.0,17.46
2024-08-29,21.19737624105415,93.80487161068862,887.1960161330007,17.457561796600135
2024-06-20,22.67,85.4,908.0,16.84
2024-01-17,22.55,90.9,1044.0,17.09
2024-08-24,17.543049289121917,82.62931128257979,881.7103937469126,15.426573956857819
2024-02-18,23.02,89.2,905.0,17.29
2024-07-10,21.73,84.7,831.0,16.43
2024-06-30,23.859550319460613,87.37754787730259,921.9854153073197,17.115163343868943
2024-02-05,23.940492850345876,88.66156145110925,773.148882371489,17.3061484280557
2024-08-26,19.470120213672644,84.45672989756522,979.714990393372,16.696713864640095
2024-02-06,21.67432276460792,85.63502521292338,909.305556488763,16.86398935172599
2024-02-17,22.641547342333613,83.15353350777819,940.9787774121947,16.091986526053265
2024-10-10,22.68,87.5,768.0,17.79
2024-09-20,22.47547880715433,84.38667889864539,1017.8644950099172,16.280594859850797
2024-09-18,22.77929718406383,86.32134753164782,1026.4986361463843,16.874898486669508
2024-08-13,22.34,83.3,1010.0,16.47
2024-01-27,22.8,87.2,826.0,17.55
2024-05-16,,,,
2024-07-20,24.074173960890047,90.00958836396873,949.1081450923905,17.08950529242457
2024-01-05,19.169651365087642,89.3078802005507,958.0124172383328,17.081094031833327
2024-12-30,21.81,83.6,848.0,17.21
2024-08-17,21.57,83.2,933.0,16.88
2024-02-07,20.74,89.5,856.0,16.64
2024-05-07,20.19909840603585,84.97184273852653,947.9928994730058,16.70985828108467
2024-11-16,22.410867338446305,86.44833189280382,811.1545153038508,17.4844739723397
2024-03-08,21.31,86.6,985.0,16.63
2024-08-02,22.052560043585967,87.60851387182811,913.726506073925,16.47978845316945
2024-06-11,25.028714288333994,89.42874013003626,911.1351098248083,18.357514027525312
2024-11-14,23.48,85.4,824.0,18.3
2024-11-12,,,,
2024-09-13,,,,
2024-05-08,23.16215619701263,87.68141581842589,738.2054770345051,17.566456980648752
2024-09-14,23.34941664047013,90.17894097784928,976.8515312129226,16.06008375261448
2024-07-13,20.34,84.3,887.0,16.96
2024-06-16,,,,
2024-05-13,,,,
2024-03-03,23.053517217369667,94.14510889925346,931.319604834736,18.170470974406744
2024-11-13,21.432472415243186,90.96456797855085,1021.0504934254118,16.059350318195396
2024-11-16,23.39388402427913,88.05533798494658,800.5664318736516,17.38436030039545
2024-05-09,20.294730755359655,85.03800608999636,959.7405417725565,16.091794447479966
2024-06-09,20.55,85.7,833.0,16.47
2024-10-09,23.41100384163276,81.31752788428734,880.7931682178943,17.408331969595757
2024-07-16,,,,
2024-06-11,25.19,87.4,867.0,18.17
2024-10-28,18.877779604433567,78.42091853810894,907.2456619325337,16.51087118750464
2024-01-16,20.51966132191639,90.52742253811729,968.7234256270299,17.260663983082548
2024-06-01,19.49,84.9,811.0,15.57
2024-10-16,21.326133082663308,92.95349596712168,971.2835545141712,15.946808857759892
2024-08-07,20.42949885238947,88.82082074368965,636.5092277592073,17.91035654723351
2024-03-14,23.61960592010566,83.89282351658402,920.7589714744278,17.258935916147358
2024-04-21,22.36,90.2,903.0,17.05
2024-08-14,25.78,87.7,861.0,18.12
2024-09-28,21.677127167737655,86.25679748117187,874.5794634852509,16.614125698363587
2024-04-13,23.11,90.3,870.0,18.45
2024-04-01,21.01078247677736,92.5186596067285,986.8199381854374,16.93711081497153
2024-02-22,20.84099952249595,91.88852662297208,1045.9342324443037,16.25464778282583
2024-04-02,21.62972250172148,81.20920250608621,839.280214157958,17.16512914841943
2024-11-19,21.26273480740825,83.93528885379153,1172.7459785700476,17.273837436938233
2024-03-24,22.301124703431693,91.40497990883429,888.5940990173974,17.41758756708952
2024-01-22,20.38842861116417,89.60040235591732,910.9421806337151,17.696466612464683
2024-04-29,21.64,86.8,978.0,15.55
2024-02-23,21.52,86.8,972.0,17.36
2024-05-31,20.45,89.0,976.0,16.43
2024-02-24,19.96181395110157,90.3571182680084,933.5768669749474,17.581361544900517
2024-10-06,23.305402117702073,82.57966321468675,913.6126665524255,17.290858265962715
2024-07-26,20.17,87.8,893.0,16.96
2024-11-05,25.449602097021025,92.63104805846868,980.5213618908315,17.531702618191137
2024-02-08,,,,
2024-08-14,26.309804177915282,87.50332074641051,909.3666188476627,18.073118439936735
2024-01-09,21.97,89.5,770.0,17.79
2024-05-01,21.79234255323488,84.78762294395823,885.3242481947934,16.23420741393364
2024-02-06,21.83,87.6,907.0,16.98
2024-08-04,23.138751109659683,80.80362915578857,938.7541201620764,17.80778267429493
2024-08-14,25.628214904964416,85.64696940117788,888.4075387869975,18.21243453321639
2024-09-10,20.52,85.2,959.0,16.95
2024-10-30,21.51,85.4,939.0,17.13
2024-08-02,20.746740843457484,87.45033723298275,929.3958988471306,16.77318455380401
2024-01-02,20.95503526720866,86.14963898433321,901.3715555417665,17.317441418785542
2024-09-08,22.95381942814623,91.43859118089134,763.3345173464118,18.048029807704253
2024-08-09,22.232082408519233,84.22992200493245,854.9030312100228,16.758300933059985
2024-01-05,17.944510952701624,89.9675718235815,904.2260722254132,16.93404007388496
2024-01-23,22.223553679742427,88.48476240593283,799.3777295061773,17.575153371146342
2024-09-19,22.35,91.1,1044.0,16.92
2024-12-17,22.93549876415905,87.35386485174725,884.3475747485015,18.444829119113585
2024-10-24,21.44,84.3,903.0,16.57
2024-11-11,19.796959844637264,87.0557443822161,825.3908609104366,16.950867741191303
2024-05-30,21.76,88.0,918.0,17.13
2024-03-16,23.05841837918955,86.48118338240776,984.143874656832,16.82431250102523
2024-02-29,24.72767682189851,87.25308069945179,897.7307784516481,17.718339649210794
2024-05-10,21.88210347426327,89.184443530094,835.0632276822507,17.491992192999703
2024-11-12,,,,
2024-08-12,22.85400049409209,90.76542309979925,790.1771172253254,18.205348952920463
2024-07-24,,,,
2024-02-04,21.51814893720772,83.18328443963757,931.0960599324821,16.261931883054924
2024-08-24,18.24974238162756,84.90730030183003,851.9368389386622,15.681730562296133
2024-04-25,21.442049937357638,89.27160031730166,1024.7932270353458,17.304490175924492
2024-05-27,21.79,87.3,882.0,17.98
2024-05-26,21.08,86.1,899.0,16.33
2024-09-13,,,,
2024-12-11,18.91,87.0,918.0,15.85
2024-02-13,22.850917187624383,76.69321977279257,998.7237276885041,16.933917998485555
2024-04-08,,,,
2024-06-11,25.547015485965048,87.26849947785404,889.105316912773,18.267574456974216
2024-06-28,23.0528499323475,89.56785538291574,804.3303859236598,17.035866474888564
2024-12-14,19.63,87.0,853.0,17.25
2024-12-09,22.625113456642463,82.89483279152432,759.7015324642547,16.868407694072193
2024-11-21,23.1,87.9,1018.0,17.18
2024-07-05,22.27,88.7,1015.0,16.0
2024-05-03,24.04,84.4,902.0,17.03
2024-04-08,,,,
2024-05-26,21.94575519417012,86.06715420785449,843.0039014878082,16.30934904797019
2024-05-23,22.4,85.3,905.0,17.49
2024-05-21,20.861755975777157,93.15259999212284,824.0538292880884,17.43577161015636
2024-05-02,21.858068134210566,89.56586363551102,1019.2632985770363,16.183637145141585
2024-07-16,21.41,87.2,933.0,16.72
2024-05-27,20.589703592944222,89.67678654689617,879.519579424719,17.651362237769167
2024-04-03,19.578078835264414,89.22554781012514,725.9353483042997,17.738046270842183
2024-10-06,22.39,86.0,930.0,17.14
2024-10-20,18.15,90.6,949.0,16.25
2024-12-07,21.669525544554688,81.88071796261758,827.388527440111,17.206537577441843
2024-06-23,18.859156350028975,87.09217038499526,823.0459605462689,16.91161010790082
2024-05-02,22.33,88.3,973.0,16.04
2024-07-02,23.66,89.1,850.0,18.04
2024-07-21,22.14,85.0,993.0,16.58
2024-09-26,23.564643655814006,81.93614118423255,1001.7193882435903,16.62542446643528
2024-02-16,23.034948302848356,77.92018814574894,809.8665234438758,16.499699845978586
2024-09-03,20.35,87.7,988.0,16.73
2024-01-14,24.014083969394797,93.22599686034478,752.6994977469133,19.124887618634165
2024-12-26,22.164452142378295,92.03956386828509,849.0423560314722,17.09246751553454
2024-02-05,22.893104744529523,86.85978830230695,730.2642332375414,17.28676161690375
2024-10-12,,,,
2024-07-08,23.87601481328418,84.72074372685933,720.3846141854644,18.346410413142525
2024-02-22,19.81,91.0,1044.0,16.21
2024-05-09,20.61,86.1,953.0,16.13
2024-05-26,22.243163752154956,87.59250713205444,948.8377764364361,16.36694811577914
2024-12-29,18.450329876120225,82.9146248118393,913.7264301006738,17.42382538824902
2024-01-19,21.281875464822146,82.34118891774949,835.6882137803801,17.772774498923873
2024-09-24,23.697782061659808,85.35073370000595,903.2543205457577,16.407880900107074
2024-09-02,20.094510174258943,84.6869707708435,817.7265837001827,15.962834974222963
2024-06-28,23.31163975694945,89.4668630646022,853.4474336075214,17.08331240604193
2024-08-25,,,,
2024-08-07,20.96,89.1,608.0,17.81
2024-05-31,20.64905969557347,89.43830065532788,946.0484368243513,16.358510915437915
2024-01-02,20.44,84.8,905.0,17.35
2024-04-24,22.748592458777374,99.67950481267854,967.0357205725902,17.626094614233327
2024-07-04,23.443916174091132,87.82942468224459,1000.8096551631367,18.05869862114415
2024-03-21,22.69,82.6,884.0,16.37
2024-05-23,23.174634053429337,88.06431798207505,871.4114770013297,17.80610813731367
2024-09-08,22.565724912288697,87.25865281384127,794.8275834382372,17.636262697702783
2024-12-22,23.185692112065144,89.83864984626646,773.5081684494968,17.95269744306621
2024-07-10,21.504223699513464,84.72785858382589,905.7899855229837,15.923942495450733
2024-09-12,22.956552848288155,85.69279492181887,985.4533712759027,16.959521311117378
2024-10-05,23.757305251905905,84.3868362026805,956.388565081392,16.69423250879832
2024-08-09,22.619882794248422,84.74134419510136,916.6944530885958,16.941038136771795
2024-09-24,22.53,85.8,910.0,16.36
2024-08-17,21.983434903223703,86.45679324625708,972.3092623835882,16.615508408651284
2024-09-27,21.007047068238172,85.90657377625921,818.3823659529413,16.704076367042216
2024-12-24,20.768562974806027,82.43002301900607,968.0995825758185,16.308483193435755
2024-05-23,22.287671950309168,85.99297695179598,928.9982570582615,17.737162324001385
2024-04-22,21.11,83.6,1040.0,15.99
2024-02-04,24.07811087350007,87.55830506026487,945.5746278301559,16.378125119832553
2024-08-20,22.47,89.4,820.0,16.78
2024-09-17,23.526185901210532,82.8408460665286,949.9278178402025,16.907455044286756
2024-12-11,19.41498727898046,87.4475759032778,896.4953303819159,15.68430059504395
2024-06-24,23.537664895788428,83.64491465656029,1016.5460455228347,17.530903065271072
2024-05-01,21.800525614065048,81.69371409376379,866.7614734947009,16.39016889498889
2024-09-03,20.38526355197173,87.85727038063219,977.5204961164541,16.62283970738954
2024-03-08,22.12286211883896,82.20238808675983,938.1236242934037,16.371345408425768
2024-03-26,,,,
2024-08-21,23.81,87.7,891.0,17.68
2024-03-29,23.224046515517845,92.6819157083586,940.4610245203916,17.594752953420336
2024-06-25,23.3619136890826,84.74459500606457,885.2567911732957,18.342802793473002
2024-08-17,22.66877685198719,80.14894965815053,967.4591204828614,16.79265605279188
2024-11-13,20.95,90.8,943.0,16.15
2024-04-13,21.87218450117315,89.40713277089894,845.1935893788042,18.364151115940267
2024-11-24,19.52015579160529,81.64334412808647,869.6449130294952,16.615393506358622
2024-11-24,,,,
2024-07-06,19.68896169438168,89.4208293122886,936.5856025922812,15.734330022384892
2024-12-24,20.7,82.5,952.0,16.23
2024-09-15,21.8,85.1,876.0,17.22
2024-11-11,20.75170171464485,92.9719276063305,908.6869092605584,16.977119147538122
2024-02-29,20.208732659930927,84.59342737286664,897.6950314255434,17.578484428217074
2024-02-06,20.399858622039364,87.65748964586963,891.0189748101427,16.91603049534903
2024-10-09,23.39,81.8,860.0,17.48
2024-03-28,21.55427024642974,87.50622671411686,915.4259049085837,16.852443249618354
2024-12-09,21.20769629866471,91.44671960649971,708.4132822114256,17.344816533949995
2024-08-12,22.14,91.8,843.0,18.14
2024-10-16,21.84,88.8,950.0,16.22
2024-05-25,20.935706739923887,87.45941867530864,710.2710070935441,17.55755265309845
2024-08-18,19.97457781283184,84.45036284460865,1060.1971406218822,16.496171530042538
2024-12-13,22.89,83.9,1125.0,16.12
2024-08-18,20.02745993460413,82.5595505602191,1068.8458242554718,16.87420613346489
2024-07-26,19.188491348952052,92.12650944661092,874.9336381891466,16.961359968912
2024-12-20,23.351035851520926,86.24545803851873,935.1389189237174,17.08258005950512
2024-04-29,21.370593165555444,89.12165357475703,997.0416440568531,15.559954737436193
2024-12-05,22.91,90.1,894.0,17.71
2024-11-10,22.79348504793298,89.4067689542354,834.8463204804868,17.864847142692906
2024-05-30,20.24063003404599,90.21740716116581,906.8337967178684,17.241538212145024
2024-07-24,,,,
2024-04-18,22.800639100459758,88.21964142045405,1088.7739590019298,17.072054445187167
2024-04-25,21.32351734525125,88.25804305154068,925.9953777056014,17.636686740259265
2024-06-15,,,,
2024-06-08,21.07639879432347,94.35914429146143,727.271052911319,16.87409612344824
2024-01-27,23.481952971294966,87.9041107930286,831.2932466583168,17.420491638872967
2024-08-12,23.094001763493203,96.71060027982179,894.8089155370021,17.9411301250783
2024-05-26,19.896741487334225,83.86066021074771,909.5189029782068,16.445041003221313
2024-03-26,22.73,86.6,925.0,16.64
2024-08-30,19.36,88.3,918.0,16.72
2024-02-15,21.652838288487885,82.51968409871131,892.0242398004924,17.768592737414647
2024-07-22,24.336874267444525,87.35246207860838,1066.8563490782458,16.597306967775346
2024-06-08,20.22,91.2,764.0,16.74
2024-06-18,22.59655360863383,80.13788691918347,768.6956010033324,17.173072469879926
2024-02-05,23.69,86.5,757.0,17.47
2024-10-09,24.217183249036026,81.42625671167728,840.4592931862451,17.48010559177132
2024-06-19,21.02,88.9,931.0,16.83
2024-06-01,18.867300480179406,87.29009325784969,802.866291968723,15.60794123352208
2024-01-20,21.404244978319237,81.55930538361136,818.4050112156793,16.96049796106167
2024-02-29,,,,
2024-02-20,,,,
2024-04-08,23.351933032686777,78.90120222233611,974.3974638896145,16.596097568835834
2024-04-13,23.20767609854883,89.00612644458884,931.8757475772943,18.456830483497605
2024-04-23,,,,
2024-04-05,19.83,87.9,902.0,17.31
2024-09-24,22.588208718446,84.26440486979175,874.1235081389444,16.585086956882954
2024-08-28,20.68,88.6,877.0,17.81
2024-11-01,20.603342005738355,93.55052174525053,929.5718998703959,17.628821880609475
2024-10-06,21.514381746615243,86.90706860302797,933.6961442035346,17.08566897793479
2024-02-23,25.372731490654722,87.13290441642611,958.8762509902976,17.508164869084023
2024-01-04,22.195811387212267,88.88544551973509,854.7080788587019,17.983074034848
2024-12-10,22.956485051867883,89.29169051019537,822.2441128091909,18.544964345005123
2024-03-30,21.042457562116837,91.78188514518149,799.4283819300015,17.336067132261576
2024-06-20,21.823206281931597,84.6743228791207,946.6925826224824,16.612233376443847
2024-05-26,21.157368307647616,84.59144829996127,901.2630091670478,16.1292085255837
2024-10-03,,,,
2024-07-25,20.74,86.8,808.0,15.9
2024-08-23,21.395698018345673,88.434493459568,782.2917636743405,16.11693790864399
2024-06-06,21.711260513576885,90.27511811719374,870.3874534581879,17.638076632703957
2024-06-26,21.752874616235303,87.10487299328003,758.3993246633788,17.443755528750973
2024-07-06,20.146502775262068,90.90798597716538,936.7512072991377,15.643538634353087
2024-11-09,22.060624977046228,85.74846867399532,896.9952676455594,17.501344611827236
2024-04-21,,,,
2024-08-05,24.01,86.1,666.0,17.84
2024-01-05,19.07,89.5,922.0,16.98
2024-12-07,22.506980593764744,84.74890363711994,783.3276944650449,17.216901129696108
2024-02-23,20.919783122841206,87.2987673674215,981.053756994584,17.323921663647518
2024-11-22,19.93612027706458,84.34325444476994,911.1808638147021,16.251096265856898
2024-05-23,23.170865193886964,83.8631854688616,879.014754553565,17.88850307063362
2024-11-03,23.29667076742629,83.92112111496355,873.9243505366434,17.624177297659195
2024-06-18,22.899270826085207,84.39910543063867,790.5711538874921,17.253262500181844
2024-08-08,21.14998360114525,91.88501642998433,712.1252403589298,18.654122599443905
2024-07-16,20.552842443583717,87.73410053173852,984.0664483390572,16.618371960470537
2024-05-24,,,,
2024-10-06,22.90934651424117,85.4377994142281,944.5419845188343,17.378501502495595
2024-10-10,23.15383292091179,88.04315767439074,734.9037490283495,17.868092969985778
2024-10-03,21.184166352488443,91.98752920814651,929.1722933805385,17.183755165356377
2024-04-08,22.6,80.8,997.0,17.2
2024-04-26,22.294452301103384,93.29253363889428,1124.7641208598807,16.28933141602575
2024-10-14,21.971239851543142,93.28168572253402,858.6935050304761,17.373930365183796
2024-08-07,21.47504768630605,89.8648194923681,581.375234665937,17.609562508843705
2024-05-10,21.591368281189972,87.57884830906833,845.5329889760086,17.605420078780437
2024-06-27,21.497938483794325,87.76481547811105,951.0400095586646,17.14518232041308
2024-02-17,22.34,85.0,932.0,16.08
2024-02-02,21.23,87.7,959.0,16.79
2024-12-07,23.661213922163945,87.02828085994769,792.6268787607869,17.068137236084127
2024-04-17,21.82231401197959,88.8601827082949,978.6288062652059,16.719969153405664
2024-08-05,25.654967713501286,89.92806270773357,638.1794059742828,17.892056101316577
2024-07-19,22.51,89.2,900.0,17.83
2024-05-14,19.79,82.5,845.0,16.66
2024-01-28,22.55,85.6,968.0,16.73
2024-02-10,23.11,86.2,1038.0,17.81
2024-08-18,19.8,85.7,1029.0,16.65
2024-08-14,26.36685709380027,89.10061975881798,850.0403534606368,18.021672762873592
2024-11-21,22.957620514978707,90.05736166686259,1063.6394815576734,17.22601415183828
2024-12-25,19.866719755342203,83.73813093958265,906.7010695038375,17.68637123628304
2024-10-15,21.56,83.7,873.0,16.82
2024-12-11,19.52167628884087,88.42191993640698,932.595049314786,16.06121136181321
2024-06-06,23.267807347566105,94.69327399209533,840.6924268895685,17.365991570448102
2024-09-09,23.439006422577698,86.60628211751921,945.572294489633,17.659339844647302
2024-10-06,21.312255222070693,89.09501040266012,966.2509869177943,17.274572247193365
2024-04-22,22.696016816145352,83.97321824631271,1013.6605223973031,15.936669534153117
2024-08-30,18.64564858197363,89.15923643826517,859.00930231872,16.890179592433594
2024-03-05,23.07,88.2,757.0,17.11
2024-01-15,22.7,85.6,908.0,17.7
2024-09-13,22.083702270397225,92.22016907653759,758.8515788446805,17.955271553871242
2024-05-31,18.725082167486967,90.39241272962684,952.4203161847615,16.335581884460574
2024-07-06,20.16,87.9,942.0,15.55
2024-07-08,24.36546015474738,87.99439187940548,775.2186007951366,18.26004004125034
2024-08-04,22.81,83.5,927.0,17.57
2024-09-25,21.115076539419896,75.50291475873985,879.9900602618328,17.275680149628386
2024-06-16,21.672436337958402,88.88901012644995,853.8016789106881,17.86813918418563
2024-12-03,22.47,83.9,936.0,16.63
2024-08-10,22.240983792097314,84.55377167798906,994.1989332865264,17.259789629359297
2024-10-22,22.26,81.9,871.0,16.7
2024-10-07,,,,
2024-02-10,23.20707754934804,85.83203332729464,1037.54070452481,18.024030047663285
2024-05-05,22.477320902726827,91.16008329438213,916.3931739452825,17.50225010624677
2024-09-26,22.0,86.1,966.0,16.78
2024-12-29,18.71753537028518,80.77257100619003,934.908632135322,17.31098201715242
2024-07-20,24.11,86.5,936.0,16.9
2024-06-10,20.91,91.4,855.0,17.52
2024-05-30,22.450143991711116,89.14516556271232,907.9567400368038,17.11369546537967
2024-02-20,22.638863595004754,83.45321953518369,896.8454347210738,17.581670286515642
2024-02-06,21.508614158347005,89.28128709797744,955.7403537540869,17.375288116903096
2024-04-22,21.467787360348282,84.06842946507304,1075.8989445993695,16.318534590651193
2024-06-23,,,,
2024-08-23,,,,
2024-07-24,21.93,82.7,947.0,16.84
2024-02-04,22.92,84.9,927.0,16.22
2024-04-10,22.14161487808889,87.36731987497333,944.1119027100983,17.91431732212289
2024-04-05,20.014633858532303,87.75113314179991,966.9500703470326,17.244421056697416
2024-03-31,22.57311893005258,86.02894011482047,873.0892657659429,16.610856524710723
2024-04-01,21.85,90.2,1015.0,16.88
2024-07-14,20.593920201352685,87.92781824010471,1029.747796992686,16.6852094342883
2024-10-21,20.497029702169378,85.93063022522644,744.3380800466042,16.632117621426534
2024-09-20,20.04535790816213,85.20464575682685,1004.2741318082725,16.49778810009392
2024-08-29,21.86,89.3,892.0,17.47
2024-01-14,23.69,91.8,751.0,18.85
2024-11-11,21.56,89.5,831.0,17.07
2024-05-03,24.67391902231801,84.04610554501191,888.4031585201817,17.062952168247303
2024-10-03,20.927528204687924,89.05174982577999,953.8178726538032,17.162799155623976
2024-06-15,23.4,84.2,846.0,17.58
2024-12-06,18.31096396044362,83.71863519847331,891.1510694820436,15.76724821475788
2024-01-21,21.72,84.6,901.0,16.99
2024-03-15,22.87213067452105,89.51579301943308,996.8897874946911,16.605208569509973
2024-07-03,23.254166700043427,83.20748924361263,947.3895274256093,17.07034254070188
2024-02-21,23.10372510594553,88.29171846649587,905.8401458946894,17.676067383745064
2024-10-19,24.21,87.5,933.0,17.23
2024-10-10,23.275157025436915,88.18545069275541,680.3594854951618,18.073920600902728
2024-05-12,23.428979825746392,85.70599599674303,918.8046616165664,17.054047966300832
2024-07-08,24.48,86.7,750.0,18.21
2024-10-09,24.04436565635406,79.35211946647549,888.9455489929237,17.54557590483187
2024-01-06,21.025119733417753,84.1384497957639,898.517694334539,17.24726369139134
2024-08-18,20.581822871777312,86.05540200186651,1056.835203842437,16.815019652933525
2024-01-28,22.475554084233835,86.63531804093824,1022.7802914064081,16.89589496838635
2024-09-06,21.719944138890025,85.20527093047806,958.2638247321568,15.725628037374937
2024-06-21,19.196104275690193,89.43222833189137,893.83152904732,17.4196922227911
2024-09-09,24.59,87.7,918.0,17.56
2024-01-22,20.98,88.3,876.0,17.52
2024-03-05,22.677891846867844,86.64339054919537,792.8971450499347,16.96101947103871
2024-10-03,20.86,89.1,954.0,17.22
2024-08-10,22.331566237219395,84.24035860053314,933.9707377558835,17.382641037349593
2024-10-20,19.615648768921552,90.71843686802897,960.6573581359289,16.066123081682715
2024-11-13,21.334065448939306,89.81248683367737,976.2124200786092,16.369430542350738
2024-12-09,22.62,86.3,773.0,16.93
2024-10-31,21.459934528520755,81.39419660522431,906.4612706840833,16.297531085174768
2024-05-10,21.42,89.8,821.0,17.53
2024-06-11,24.59760607576113,90.15141362662324,848.6469272728415,18.477586383682514
2024-03-28,22.02,92.9,920.0,17.01
2024-11-26,24.27,84.7,888.0,17.28
2024-03-03,21.81935467723464,92.71205946862776,992.3512544042703,18.140241095072444
2024-05-01,22.27,84.7,861.0,16.29
2024-10-26,,,,
2024-06-10,22.44803656646597,88.83914129500744,855.0913806046025,17.744822543997202
2024-11-20,25.26891004368466,86.34271443090054,764.7026021405143,17.99565248933255
